{
  "learning_rate": 1.7541893487450798e-05,
  "n_steps": 1024,
  "batch_size": 32,
  "gamma": 0.9769640764615038,
  "gae_lambda": 0.9166369009972974
}