{
  "n_episodes": 20,
  "mean_return": 0.02025261958708972,
  "std_return": 0.01656090843683198,
  "best_return": 0.03246322846617573,
  "worst_return": -0.012666693630079462,
  "win_rate": 0.8,
  "mean_max_drawdown": 0.008946142468489139,
  "worst_max_drawdown": 0.017094508025570963,
  "mean_sharpe": 0.9350844942251937,
  "mean_sortino": 0.46306274806233205,
  "mean_calmar": 9.363026714155534,
  "mean_omega": 1.8125785448465355,
  "episode_sharpes": [
    1.967206521836721,
    2.060866175157283,
    2.1252507556292795,
    2.060866175157283,
    2.0782741289198747,
    -3.2793069305019675,
    -3.279306930501967,
    2.2002677953005354,
    2.2456953412238523,
    0.3659359216771881,
    2.060866175157283,
    1.8818025631574797,
    -2.693736777876707,
    1.8666755218295377,
    -3.279306930501967,
    1.9915056677088454,
    2.060866175157283,
    2.1720130234886508,
    2.034389337328103,
    2.060866175157283
  ],
  "episode_sortinos": [
    0.7325069810575193,
    0.7034165761017837,
    0.6770993660922485,
    0.7034165761017837,
    0.6423171069866588,
    -0.25614973267878083,
    -0.25614973267878083,
    0.6962230345987375,
    0.763033588528198,
    0.06391487946327422,
    0.7034165761017837,
    0.713770205637386,
    -0.8078650169147374,
    0.6572413374292778,
    -0.25614973267878083,
    0.747046523066281,
    0.7034165761017837,
    0.9146033175552953,
    0.7127299552739259,
    0.7034165761017837
  ],
  "episode_calmars": [
    12.89394500129443,
    13.492795742815929,
    13.879348930067378,
    13.492795742815929,
    12.177049412476531,
    -3.663360317426371,
    -3.663360317426371,
    14.363882762245236,
    14.803731207635936,
    0.7280757900146614,
    13.492795742815929,
    12.344767617601509,
    -2.714288352474684,
    12.274318037067522,
    -3.663360317426371,
    13.068195357461043,
    13.492795742815929,
    13.646187683257896,
    13.321423074662668,
    13.492795742815929
  ],
  "episode_omegas": [
    2.1726998164464972,
    2.3398462277921372,
    2.52757718302893,
    2.3398462277921372,
    2.0435915398937263,
    0.08214849015670338,
    0.08214849015670338,
    2.670214321189858,
    2.464155947075761,
    1.137414652293113,
    2.3398462277921372,
    2.070005667753213,
    0.6168711962116449,
    2.0882738883790037,
    0.08214849015670338,
    2.1785959768980017,
    2.3398462277921372,
    2.0420638872547565,
    2.2944302110754116,
    2.3398462277921372
  ],
  "episode_returns": [
    0.028170870152619903,
    0.029516948088450592,
    0.030388133458813547,
    0.029516948088450592,
    0.030974694330883158,
    -0.009771825122849987,
    -0.009771825122849987,
    0.03147906135689063,
    0.03246322846617573,
    0.0021209005597127542,
    0.029516948088450592,
    0.026938121977969604,
    -0.012666693630079462,
    0.026778358740026122,
    -0.009771825122849987,
    0.028561233827456636,
    0.029516948088450592,
    0.03244352745724263,
    0.029131689970380212,
    0.029516948088450592
  ],
  "mean_buy_hold_return": -0.11067617211388858,
  "mean_alpha": 0.13092879170097832,
  "std_alpha": 0.1295807304592272,
  "best_alpha": 0.2643938273649245,
  "worst_alpha": -0.16418872062941406,
  "beat_rate": 0.85,
  "episode_buy_hold_returns": [
    -0.23314901754565592,
    -0.23487687927647394,
    -0.1306294894232465,
    -0.18470645455573168,
    -0.03191680776338215,
    0.08488541056649962,
    0.15441689550656407,
    -0.10518651030574144,
    -0.021680889149515294,
    -0.004856817908954121,
    -0.2172867368804997,
    -0.18803063830093275,
    0.10655999061100621,
    -0.2007260740984361,
    -0.09706473578349836,
    -0.15782861896838601,
    -0.20162733751331408,
    -0.15428093625144063,
    -0.20878399855779728,
    -0.18675379667883588
  ],
  "episode_alphas": [
    0.26131988769827585,
    0.2643938273649245,
    0.16101762288206006,
    0.21422340264418227,
    0.0628915020942653,
    -0.09465723568934961,
    -0.16418872062941406,
    0.13666557166263207,
    0.05414411761569102,
    0.006977718468666875,
    0.2468036849689503,
    0.21496876027890235,
    -0.11922668424108568,
    0.22750443283846222,
    0.08729291066064837,
    0.18638985279584264,
    0.23114428560176467,
    0.18672446370868326,
    0.2379156885281775,
    0.21627074476728647
  ]
}